d022287e-d10f-49da-be21-b46123bfa802,Jared,Ely,jared.ely@sakilacustomer.org,503 34 AVE,44
9e56d88e-e298-46b1-9d8e-a79b9955cbd1,Mary,Smith,mary.smith@sakilacustomer.org,503 34 AVE,52
2bf2b699-59b0-4842-ad0b-9febc38b6b0b,Patricia,Johnson,patricia.johnson@sakilacustomer.org,503 34 AVE,28
38eff183-4c36-4a26-bd42-2e7c3c7467ee,Linda,Williams,linda.williams@sakilacustomer.org,503 34 AVE,16
e8a5fbde-fc2e-4a47-9962-c27ace8fbefb,Barbara,Jones,barbara.jones@sakilacustomer.org,503 34 AVE,58
cbdd64e4-d9a8-49eb-813d-7b6b268b9886,Elizabeth,Brown,elizabeth.brown@sakilacustomer.org,503 34 AVE,22
e4f1874b-fe64-4f66-b6a9-bd81d67d92ad,Jennifer,Davis,jennifer.davis@sakilacustomer.org,503 34 AVE,41
028f4b21-d15c-4dfb-a294-04ed084daa35,Maria,Miller,maria.miller@sakilacustomer.org,503 34 AVE,27
9e718b4b-2952-48f4-9df7-d0ea749056ec,Susan,Wilson,susan.wilson@sakilacustomer.org,503 34 AVE,32
6d1fe69c-bc6f-49e2-97a7-88ab88f896da,Margaret,Moore,margaret.moore@sakilacustomer.org,503 34 AVE,60
fe172b2e-23aa-4641-aeb6-9c22e9113e0a,Dorothy,Taylor,dorothy.taylor@sakilacustomer.org,503 34 AVE,29
69d9a21e-fbd1-47a0-ab67-fb61250de051,Lisa,Anderson,lisa.anderson@sakilacustomer.org,503 34 AVE,60
71b2b689-eca4-45b1-9894-d77988511da8,Nancy,Thomas,nancy.thomas@sakilacustomer.org,503 34 AVE,30
577a83a7-58da-447c-8500-e4d59a94b612,Karen,Jackson,karen.jackson@sakilacustomer.org,503 34 AVE,45
c5380690-efc9-4495-81e6-6510d4c7c7cc,Betty,White,betty.white@sakilacustomer.org,503 34 AVE,16
c0672456-cac1-4389-8e55-b2b7b17ce017,Helen,Harris,helen.harris@sakilacustomer.org,503 34 AVE,15
387627e6-3d1d-4b99-b46c-0d3a86643629,Sandra,Martin,sandra.martin@sakilacustomer.org,503 34 AVE,18
e75bc245-e542-40a5-a31d-0e8c65da751e,Donna,Thompson,donna.thompson@sakilacustomer.org,503 34 AVE,22
5c73e999-ae3d-45f3-8fc3-6e910e123cac,Carol,Garcia,carol.garcia@sakilacustomer.org,503 34 AVE,18
b7e0ac9b-f164-434b-a25c-f1b84bd6306a,Ruth,Martinez,ruth.martinez@sakilacustomer.org,503 34 AVE,33
18ef416a-a619-4485-9059-f6f8965439cf,Sharon,Robinson,sharon.robinson@sakilacustomer.org,503 34 AVE,26
2e25c7c3-430b-4c78-9887-19bd9d00d23c,Michelle,Clark,michelle.clark@sakilacustomer.org,503 34 AVE,54
01a5e20d-6c6c-4f92-b05f-379c949c68e4,Laura,Rodriguez,laura.rodriguez@sakilacustomer.org,503 34 AVE,53
355539fc-8303-43c3-839a-9274a51905d2,Sarah,Lewis,sarah.lewis@sakilacustomer.org,503 34 AVE,19
ff326333-5b87-430d-8406-060f6ac87912,Kimberly,Lee,kimberly.lee@sakilacustomer.org,503 34 AVE,39
4bbd76f0-b759-4f68-8159-a337004d1be7,Deborah,Walker,deborah.walker@sakilacustomer.org,503 34 AVE,45
1a5a30b3-d9be-4067-9639-e415f38a8d4c,Jessica,Hall,jessica.hall@sakilacustomer.org,503 34 AVE,52
4d60cb8e-b1ab-4a60-ac27-5906f150f183,Shirley,Allen,shirley.allen@sakilacustomer.org,503 34 AVE,33
f36f57f8-d403-4480-92d8-88ddbb0367dc,Cynthia,Young,cynthia.young@sakilacustomer.org,503 34 AVE,19
5c773e92-40e2-4fa7-a3a4-fbdaa875588a,Angela,Hernandez,angela.hernandez@sakilacustomer.org,503 34 AVE,29
9a60e80a-cd3c-47ee-a9dc-39809c2d0728,Melissa,King,melissa.king@sakilacustomer.org,503 34 AVE,26
2042fce3-7168-464c-8991-60de74daffa9,Brenda,Wright,brenda.wright@sakilacustomer.org,503 34 AVE,20
47539ff9-f18f-436d-bb2e-ec5c5565f793,Amy,Lopez,amy.lopez@sakilacustomer.org,503 34 AVE,41
d5070062-bb0c-4315-8d13-d010e6fe0e3e,Anna,Hill,anna.hill@sakilacustomer.org,503 34 AVE,49
195ff710-74ff-4525-803f-7bf36c0c53c6,Rebecca,Scott,rebecca.scott@sakilacustomer.org,503 34 AVE,39
622682f0-fc0e-4e9e-9684-8b6127d7e425,Virginia,Green,virginia.green@sakilacustomer.org,503 34 AVE,28
a21ececd-93b0-4f68-bc15-19175c2c09cb,Kathleen,Adams,kathleen.adams@sakilacustomer.org,503 34 AVE,16
dfc034b1-db69-44f0-973f-ea37ca550568,Pamela,Baker,pamela.baker@sakilacustomer.org,503 34 AVE,30
c10dae60-be39-48ac-b5e9-459a8169a39c,Martha,Gonzalez,martha.gonzalez@sakilacustomer.org,503 34 AVE,42
734603bb-c392-4088-9c30-e63ad0c8a1df,Debra,Nelson,debra.nelson@sakilacustomer.org,503 34 AVE,56
c08637c5-e0a3-4005-b989-479ea5b7749f,Amanda,Carter,amanda.carter@sakilacustomer.org,503 34 AVE,47
11edce2f-a05f-4432-96e4-040c2cd69e1f,Stephanie,Mitchell,stephanie.mitchell@sakilacustomer.org,503 34 AVE,51
b2d06e49-46f5-4e1a-a7be-e6bf7a66b27a,Carolyn,Perez,carolyn.perez@sakilacustomer.org,503 34 AVE,51
f5d502f1-45ea-4cbc-bf3f-ebc841add069,Christine,Roberts,christine.roberts@sakilacustomer.org,503 34 AVE,24
1248706a-50ed-460f-a165-62a9b3454599,Marie,Turner,marie.turner@sakilacustomer.org,503 34 AVE,22
a6a5d55d-c7ca-4fca-8939-680051743dd5,Janet,Phillips,janet.phillips@sakilacustomer.org,503 34 AVE,42
21ff6821-6551-4c68-a6fe-847da095de09,Catherine,Campbell,catherine.campbell@sakilacustomer.org,503 34 AVE,56
42898753-78ea-460c-8636-43cb0322db9e,Frances,Parker,frances.parker@sakilacustomer.org,503 34 AVE,58
6435ac4e-f24a-4fb4-9fc1-523a1ae5cf6b,Ann,Evans,ann.evans@sakilacustomer.org,503 34 AVE,30
fa23629f-1a17-4119-b0f5-5ceb6382258c,Joyce,Edwards,joyce.edwards@sakilacustomer.org,503 34 AVE,42
433cd8ee-627b-4e11-8241-2ce3de24ecb0,Diane,Collins,diane.collins@sakilacustomer.org,503 34 AVE,61
7d4235ff-c770-4384-82bc-940b9431b5ef,Alice,Stewart,alice.stewart@sakilacustomer.org,503 34 AVE,15
803e6bd1-75b9-4c79-8dc6-8de3151f41e9,Julie,Sanchez,julie.sanchez@sakilacustomer.org,503 34 AVE,51
b69ea5f5-2e30-4995-b9ff-3ab899b3f01e,Heather,Morris,heather.morris@sakilacustomer.org,503 34 AVE,15
5a1627bf-dbaa-4f9a-b412-4f17ea014c42,Teresa,Rogers,teresa.rogers@sakilacustomer.org,503 34 AVE,18
e2262865-c07c-4c2e-bf51-29514196eb46,Doris,Reed,doris.reed@sakilacustomer.org,503 34 AVE,31
6418c06c-10e7-419d-95e4-3334637449dd,Gloria,Cook,gloria.cook@sakilacustomer.org,503 34 AVE,57
007bf467-92c4-4244-be30-306d7f2d6d0e,Evelyn,Morgan,evelyn.morgan@sakilacustomer.org,503 34 AVE,31
e343ef1a-407b-447d-b54d-9523ef151568,Jean,Bell,jean.bell@sakilacustomer.org,503 34 AVE,37
5732b018-1f83-43e3-bdd3-4d86f28e5719,Cheryl,Murphy,cheryl.murphy@sakilacustomer.org,503 34 AVE,20
10c06c34-afd5-4d8d-a15e-cbd5aac030e1,Mildred,Bailey,mildred.bailey@sakilacustomer.org,503 34 AVE,33
1f5b3b1a-12c2-4968-996c-c3c7faae67f1,Katherine,Rivera,katherine.rivera@sakilacustomer.org,503 34 AVE,40
4a220ea4-2e30-4fba-811f-f7861c7dc3d2,Joan,Cooper,joan.cooper@sakilacustomer.org,503 34 AVE,48
b3f58cce-00fe-40d4-938c-0eac6155f92b,Ashley,Richardson,ashley.richardson@sakilacustomer.org,503 34 AVE,40
849bd963-57e7-452c-9c85-8f9ccd10f7dc,Judith,Cox,judith.cox@sakilacustomer.org,503 34 AVE,36
ee8aaf6b-dedd-4e9f-bdea-48d4a9313091,Rose,Howard,rose.howard@sakilacustomer.org,503 34 AVE,24
ba223f9a-1b99-4c1a-99ce-1c1791b528fd,Janice,Ward,janice.ward@sakilacustomer.org,503 34 AVE,27
aab5c603-22d8-4054-b8da-0bb885763ec6,Kelly,Torres,kelly.torres@sakilacustomer.org,503 34 AVE,42
81ef05b7-8f8e-4481-b654-3ec0f4daf4b1,Nicole,Peterson,nicole.peterson@sakilacustomer.org,503 34 AVE,31
5e6140e9-ce2e-488a-b67a-d1eee18a7927,Judy,Gray,judy.gray@sakilacustomer.org,503 34 AVE,18
dd305d15-e7a1-4338-8984-9b0fd7c125a3,Christina,Ramirez,christina.ramirez@sakilacustomer.org,503 34 AVE,49
bf15f428-4a5c-455c-be29-8e6fde16a43b,Kathy,James,kathy.james@sakilacustomer.org,503 34 AVE,23
734ddedb-e38f-4fbb-83f0-4db541cd4822,Theresa,Watson,theresa.watson@sakilacustomer.org,503 34 AVE,34
a349aceb-b96e-4ff7-92d4-a67f0018ebd4,Beverly,Brooks,beverly.brooks@sakilacustomer.org,503 34 AVE,21
0f594044-a0fe-44ab-a7dc-5d535c01bc63,Denise,Kelly,denise.kelly@sakilacustomer.org,503 34 AVE,35
69a9e367-5b0b-4abf-aa21-fc21b85475b4,Tammy,Sanders,tammy.sanders@sakilacustomer.org,503 34 AVE,30
424b1120-0255-47c9-9c7b-241795460d8f,Irene,Price,irene.price@sakilacustomer.org,503 34 AVE,43
365127b7-3909-4064-9096-04bd857082ec,Jane,Bennett,jane.bennett@sakilacustomer.org,503 34 AVE,62
2de3ff86-589c-4e81-8e9f-df5a51225c46,Lori,Wood,lori.wood@sakilacustomer.org,503 34 AVE,39
ea482965-3f05-4361-8803-ff6a9de76d9d,Rachel,Barnes,rachel.barnes@sakilacustomer.org,503 34 AVE,24
df719b2c-17d7-4ed1-bcff-9c0219b5a666,Marilyn,Ross,marilyn.ross@sakilacustomer.org,503 34 AVE,46
0b9b1e86-8968-485c-a4a7-9a991b32354e,Andrea,Henderson,andrea.henderson@sakilacustomer.org,503 34 AVE,57
6b7c72a1-2e96-4159-840e-b2cef4749356,Kathryn,Coleman,kathryn.coleman@sakilacustomer.org,503 34 AVE,33
19894497-e061-4571-9889-369024db98e0,Louise,Jenkins,louise.jenkins@sakilacustomer.org,503 34 AVE,55
4f9276d0-904c-4775-9625-246dd74dcf89,Sara,Perry,sara.perry@sakilacustomer.org,503 34 AVE,21
215a014d-f31f-4927-896d-87b11f5907e7,Anne,Powell,anne.powell@sakilacustomer.org,503 34 AVE,56
c6eb16c5-6fb9-4fcb-9f9c-627df18dcb04,Jacqueline,Long,jacqueline.long@sakilacustomer.org,503 34 AVE,27
090261e4-eae1-41f3-abe3-a80675c03ae1,Wanda,Patterson,wanda.patterson@sakilacustomer.org,503 34 AVE,52
c8f86dfc-4029-4d94-8fa8-c0d20934429c,Bonnie,Hughes,bonnie.hughes@sakilacustomer.org,503 34 AVE,39
1434b299-027a-4022-af6a-4a701958a800,Julia,Flores,julia.flores@sakilacustomer.org,503 34 AVE,47
85989a36-fdf9-44af-9098-9bb50b56f2fb,Ruby,Washington,ruby.washington@sakilacustomer.org,503 34 AVE,37
c7079a31-f997-4020-aae0-203f7c7fe8b1,Lois,Butler,lois.butler@sakilacustomer.org,503 34 AVE,38
78a4fcfb-100d-4ba2-bbbf-6e84297012a4,Tina,Simmons,tina.simmons@sakilacustomer.org,503 34 AVE,17
97e45ec6-04da-4845-b2a2-951f1feb7bdb,Phyllis,Foster,phyllis.foster@sakilacustomer.org,503 34 AVE,28
daee14ad-cf01-4497-8e9b-9bc49f2703e1,Norma,Gonzales,norma.gonzales@sakilacustomer.org,503 34 AVE,56
88b8d66d-5333-465a-8a1a-63dccbe81130,Paula,Bryant,paula.bryant@sakilacustomer.org,503 34 AVE,55
804589d3-59b8-49a8-a0d8-b64bea1a500c,Diana,Alexander,diana.alexander@sakilacustomer.org,503 34 AVE,43
43e98b72-4350-405f-88b8-e0557dd01aac,Annie,Russell,annie.russell@sakilacustomer.org,503 34 AVE,36
2f58e63e-eb69-4e9b-a210-5fb31aa9e809,Lillian,Griffin,lillian.griffin@sakilacustomer.org,503 34 AVE,50
a635f44f-92e4-4fd3-bad5-ec2ede9ac947,Emily,Diaz,emily.diaz@sakilacustomer.org,503 34 AVE,43
af72d1f5-bbb8-46aa-af31-7bc997795034,Robin,Hayes,robin.hayes@sakilacustomer.org,503 34 AVE,55
21f8933d-9c4b-4b7b-888a-cdcf57064400,Peggy,Myers,peggy.myers@sakilacustomer.org,503 34 AVE,40
1567fa1d-912e-454c-bc7d-7c85021fc5af,Crystal,Ford,crystal.ford@sakilacustomer.org,503 34 AVE,38
3d152b6a-4825-464f-ba2b-5557d84a9e27,Gladys,Hamilton,gladys.hamilton@sakilacustomer.org,503 34 AVE,16
c0883cf9-bcf8-494d-b443-d27911d5b027,Rita,Graham,rita.graham@sakilacustomer.org,503 34 AVE,21
5fea836c-5982-403b-98f7-844d406176f8,Dawn,Sullivan,dawn.sullivan@sakilacustomer.org,503 34 AVE,48
b31181fe-a059-4c2f-b833-434d5533f89e,Connie,Wallace,connie.wallace@sakilacustomer.org,503 34 AVE,21
acd89846-e266-4401-8032-0e96976a5143,Florence,Woods,florence.woods@sakilacustomer.org,503 34 AVE,21
53cacf76-8859-4f7f-a1d0-fdfbf2474aaf,Tracy,Cole,tracy.cole@sakilacustomer.org,503 34 AVE,26
0cf601a9-96ab-42db-9e5b-ca489a2636f3,Edna,West,edna.west@sakilacustomer.org,503 34 AVE,49
dd87ed2f-37b2-4185-81c1-e1d894d62f09,Tiffany,Jordan,tiffany.jordan@sakilacustomer.org,503 34 AVE,64
707ab2c6-773d-482a-97a7-9f41f1008635,Carmen,Owens,carmen.owens@sakilacustomer.org,503 34 AVE,27
f5d9be01-6d17-47f2-afd4-f27d7e557a81,Rosa,Reynolds,rosa.reynolds@sakilacustomer.org,503 34 AVE,32
784c7c86-6cb5-4f2a-9512-7387f4fa75d0,Cindy,Fisher,cindy.fisher@sakilacustomer.org,503 34 AVE,40
9e0a2083-1cc6-4757-8760-ba32b0716e3e,Grace,Ellis,grace.ellis@sakilacustomer.org,503 34 AVE,27
121d4e14-e331-4461-bf43-9ab050290ad3,Wendy,Harrison,wendy.harrison@sakilacustomer.org,503 34 AVE,27
f07c14ea-0219-4c6e-8157-6a7a09f3b3cd,Victoria,Gibson,victoria.gibson@sakilacustomer.org,503 34 AVE,52
6aec3e16-ba58-497f-b3f7-5be4ce311d4c,Edith,Mcdonald,edith.mcdonald@sakilacustomer.org,503 34 AVE,18
ee11adf4-8bb4-440f-8a62-046a2d825a1a,Kim,Cruz,kim.cruz@sakilacustomer.org,503 34 AVE,47
2e9ecde8-8b2d-497e-b06b-1fa6a33f08e8,Sherry,Marshall,sherry.marshall@sakilacustomer.org,503 34 AVE,24
b6b6b53f-f43c-4660-82c9-a303a801c0f3,Sylvia,Ortiz,sylvia.ortiz@sakilacustomer.org,503 34 AVE,24
2634cdda-9b4e-4cbb-9944-938c36c11e1b,Josephine,Gomez,josephine.gomez@sakilacustomer.org,503 34 AVE,60
a151738d-d29c-4b21-8106-53f447c7738d,Thelma,Murray,thelma.murray@sakilacustomer.org,503 34 AVE,19
a2d21ee9-94bb-4554-93e1-0bff89ef0f35,Shannon,Freeman,shannon.freeman@sakilacustomer.org,503 34 AVE,28
c552b29a-1970-4cfa-a600-54416586c5d3,Sheila,Wells,sheila.wells@sakilacustomer.org,503 34 AVE,41
0d94402b-2122-4d63-b751-e5ad3f307a36,Ethel,Webb,ethel.webb@sakilacustomer.org,503 34 AVE,60
67181ffa-3aa0-4931-a547-a0fa2aa336a4,Ellen,Simpson,ellen.simpson@sakilacustomer.org,503 34 AVE,40
55b1b475-0ac6-43f7-8aee-7de0f33ac725,Elaine,Stevens,elaine.stevens@sakilacustomer.org,503 34 AVE,51
48f96dec-27c9-41ba-9ab4-4616647ff85a,Marjorie,Tucker,marjorie.tucker@sakilacustomer.org,503 34 AVE,24
381d60ea-153f-4373-a711-12d5c4b42346,Carrie,Porter,carrie.porter@sakilacustomer.org,503 34 AVE,51
cab3af33-428f-4859-84a7-6e7721776053,Charlotte,Hunter,charlotte.hunter@sakilacustomer.org,503 34 AVE,41
67803b31-a362-4fdc-9515-e0a09a4d248a,Monica,Hicks,monica.hicks@sakilacustomer.org,503 34 AVE,33
a03c8898-3f1c-41f3-a778-6a7826eccdc7,Esther,Crawford,esther.crawford@sakilacustomer.org,503 34 AVE,42
61ef3835-5f2f-4823-9cf8-2affdff5d432,Pauline,Henry,pauline.henry@sakilacustomer.org,503 34 AVE,29
93cb095b-f267-4517-974f-8988efb03eec,Emma,Boyd,emma.boyd@sakilacustomer.org,503 34 AVE,48
fe2585c9-3d7e-4dd1-82f3-cb45818303fe,Juanita,Mason,juanita.mason@sakilacustomer.org,503 34 AVE,47
83c174b2-b14d-497c-a71d-aed48e66a517,Anita,Morales,anita.morales@sakilacustomer.org,503 34 AVE,53
01235171-1878-41d4-a524-ef6ca754a305,Rhonda,Kennedy,rhonda.kennedy@sakilacustomer.org,503 34 AVE,16
7ce9f3e5-83bd-48c0-aa1d-97a12a2ec177,Hazel,Warren,hazel.warren@sakilacustomer.org,503 34 AVE,61
2e250614-c340-4786-ae64-58540e84c428,Amber,Dixon,amber.dixon@sakilacustomer.org,503 34 AVE,24
624b1a24-78cb-40fc-914b-b9c1914f3f84,Eva,Ramos,eva.ramos@sakilacustomer.org,503 34 AVE,48
081d3c80-66bb-4223-9543-2d1d87ac4b26,Debbie,Reyes,debbie.reyes@sakilacustomer.org,503 34 AVE,48
3450d08a-f071-4138-9f45-eb7f75b97818,April,Burns,april.burns@sakilacustomer.org,503 34 AVE,49
38ae7924-dfa8-4231-af4d-65808f5f54a7,Leslie,Gordon,leslie.gordon@sakilacustomer.org,503 34 AVE,42
bbfee103-7ef2-45ff-9f10-5bbd1a505dbc,Clara,Shaw,clara.shaw@sakilacustomer.org,503 34 AVE,39
c7c430d9-136f-42b8-9288-b3c0bff09785,Lucille,Holmes,lucille.holmes@sakilacustomer.org,503 34 AVE,27
1707ec75-2ff3-4695-8cc0-93e303771846,Jamie,Rice,jamie.rice@sakilacustomer.org,503 34 AVE,26
5486b0ee-8849-4a66-bfa5-e10f53364480,Joanne,Robertson,joanne.robertson@sakilacustomer.org,503 34 AVE,54
0ddaa5e0-e520-48b5-830d-e470319273e9,Eleanor,Hunt,eleanor.hunt@sakilacustomer.org,503 34 AVE,55
d5a9cdeb-30b4-40d8-a5d7-d44fd4885437,Valerie,Black,valerie.black@sakilacustomer.org,503 34 AVE,25
5932f23f-a1bb-4914-8fe8-7838fd135a54,Danielle,Daniels,danielle.daniels@sakilacustomer.org,503 34 AVE,22
7f610a69-0f29-4d0f-9564-3b03bb16a7e3,Megan,Palmer,megan.palmer@sakilacustomer.org,503 34 AVE,39
06ff43d6-2575-462e-b000-c3e01da6b1f1,Alicia,Mills,alicia.mills@sakilacustomer.org,503 34 AVE,57
d14327c3-a0c1-4952-8116-aa4c76296d24,Suzanne,Nichols,suzanne.nichols@sakilacustomer.org,503 34 AVE,49
41699f3d-64be-47c1-865b-ca5c48989255,Michele,Grant,michele.grant@sakilacustomer.org,503 34 AVE,27
218762ef-acc0-43df-9a12-313b645b3cf5,Gail,Knight,gail.knight@sakilacustomer.org,503 34 AVE,44
7c873cc3-d14f-4a37-b50b-87ede95d0e96,Bertha,Ferguson,bertha.ferguson@sakilacustomer.org,503 34 AVE,62
2073d15f-58ec-4866-ab95-45fd97eda192,Darlene,Rose,darlene.rose@sakilacustomer.org,503 34 AVE,60
16cf89c6-9b08-4a75-ac9a-e6df1a50af43,Veronica,Stone,veronica.stone@sakilacustomer.org,503 34 AVE,31
4ee109fa-be06-453b-8be6-4b9b65da69ee,Jill,Hawkins,jill.hawkins@sakilacustomer.org,503 34 AVE,57
85a4b1bc-33f2-4b7d-a25d-b682eb7f8411,Erin,Dunn,erin.dunn@sakilacustomer.org,503 34 AVE,16
b1b655fc-0cb3-4342-b12b-3e2eb2c43d7f,Geraldine,Perkins,geraldine.perkins@sakilacustomer.org,503 34 AVE,49
bc1205cd-76dc-4a82-8a45-eb45cd8cd08b,Lauren,Hudson,lauren.hudson@sakilacustomer.org,503 34 AVE,45
9804165e-a78d-4b80-aea5-42af36ee3c54,Cathy,Spencer,cathy.spencer@sakilacustomer.org,503 34 AVE,45
51f8bf66-29f0-4480-a136-1b6ec9e46e27,Joann,Gardner,joann.gardner@sakilacustomer.org,503 34 AVE,27
86738596-14b3-499a-a6b3-9db7475f79f1,Lorraine,Stephens,lorraine.stephens@sakilacustomer.org,503 34 AVE,49
103d09fd-129a-48aa-81d7-25c14e6652d2,Lynn,Payne,lynn.payne@sakilacustomer.org,503 34 AVE,62
a670f424-453a-456b-83b2-f64542134a16,Sally,Pierce,sally.pierce@sakilacustomer.org,503 34 AVE,55
6e299e10-098d-4eb7-baa0-fc6da8e0131b,Regina,Berry,regina.berry@sakilacustomer.org,503 34 AVE,21
9910f7a3-7bf8-425b-8197-d391fe5ce54f,Erica,Matthews,erica.matthews@sakilacustomer.org,503 34 AVE,24
7db6ec49-e915-4e7b-8538-97417b61995e,Beatrice,Arnold,beatrice.arnold@sakilacustomer.org,503 34 AVE,52
4ae52f11-b1b2-4d14-bd23-e6bdc843c93a,Dolores,Wagner,dolores.wagner@sakilacustomer.org,503 34 AVE,59
6864e49e-708b-45ce-bbcc-48d849bfbafa,Bernice,Willis,bernice.willis@sakilacustomer.org,503 34 AVE,16
b2282726-a9e5-4080-a011-4c79396a612a,Audrey,Ray,audrey.ray@sakilacustomer.org,503 34 AVE,63
b40b0d58-9e42-45ab-b076-aea0504d87a1,Yvonne,Watkins,yvonne.watkins@sakilacustomer.org,503 34 AVE,15
d7f8f1df-db73-43dd-a219-993751b40a30,Annette,Olson,annette.olson@sakilacustomer.org,503 34 AVE,62
46e1f17c-6fd5-4b24-a835-19984867ed52,June,Carroll,june.carroll@sakilacustomer.org,503 34 AVE,37
cf38a395-d7cd-4656-92b8-443b9276ab05,Samantha,Duncan,samantha.duncan@sakilacustomer.org,503 34 AVE,19
6bef4866-5329-451d-9d0e-a2f07546e384,Marion,Snyder,marion.snyder@sakilacustomer.org,503 34 AVE,42
d82ea6a6-2699-4d38-83a0-8e86b0a0048d,Dana,Hart,dana.hart@sakilacustomer.org,503 34 AVE,16
b1de62ea-3f95-4f46-bd9a-0f99fbda0a08,Stacy,Cunningham,stacy.cunningham@sakilacustomer.org,503 34 AVE,61
77963286-4938-4b60-878b-fc68c382baf5,Ana,Bradley,ana.bradley@sakilacustomer.org,503 34 AVE,34
2ddbd051-a5ce-437a-a73d-143f88005e56,Renee,Lane,renee.lane@sakilacustomer.org,503 34 AVE,57
1266959e-d913-4f09-a280-fbf268f93d9a,Ida,Andrews,ida.andrews@sakilacustomer.org,503 34 AVE,47
8a77a894-48ce-4837-8fba-09a08d41022e,Vivian,Ruiz,vivian.ruiz@sakilacustomer.org,503 34 AVE,23
ec7e7560-854d-47b9-ab66-5c8ac478fe99,Roberta,Harper,roberta.harper@sakilacustomer.org,503 34 AVE,62
0bc488e5-fc48-4c1c-a6da-4f5cdf3108cb,Holly,Fox,holly.fox@sakilacustomer.org,503 34 AVE,64
22228af8-e2ff-4502-a6c3-9959e73b91ea,Brittany,Riley,brittany.riley@sakilacustomer.org,503 34 AVE,60
f911f554-9247-453d-a396-cefac3b4fa29,Melanie,Armstrong,melanie.armstrong@sakilacustomer.org,503 34 AVE,55
73bd2a9c-6a53-4d7d-8ce7-133c93f8ec47,Loretta,Carpenter,loretta.carpenter@sakilacustomer.org,503 34 AVE,17
f77db1b2-8fbc-4769-96be-402efc29c250,Yolanda,Weaver,yolanda.weaver@sakilacustomer.org,503 34 AVE,27
a354d663-78c2-47b6-9296-5c8b0ecc3847,Jeanette,Greene,jeanette.greene@sakilacustomer.org,503 34 AVE,46
1842c2c8-8063-41b8-8322-5e15b2ff9955,Laurie,Lawrence,laurie.lawrence@sakilacustomer.org,503 34 AVE,18
8cbaf669-107d-4cf0-a504-2a3f1cd1a4c6,Katie,Elliott,katie.elliott@sakilacustomer.org,503 34 AVE,30
984b14b5-292f-4271-9cf7-7a82c74cb289,Kristen,Chavez,kristen.chavez@sakilacustomer.org,503 34 AVE,46
a0f04035-e6af-4b1e-a3bb-b66c9782ca73,Vanessa,Sims,vanessa.sims@sakilacustomer.org,503 34 AVE,47
a578aa3b-982a-4349-af68-5ac589abe4c2,Alma,Austin,alma.austin@sakilacustomer.org,503 34 AVE,59
ddbe441f-53eb-4960-9ccf-31d5e5025055,Sue,Peters,sue.peters@sakilacustomer.org,503 34 AVE,55
e37e5aed-695e-4058-b1ba-c02d673f2923,Elsie,Kelley,elsie.kelley@sakilacustomer.org,503 34 AVE,42
cf562281-fb3f-4ee9-b000-c73d41868b28,Beth,Franklin,beth.franklin@sakilacustomer.org,503 34 AVE,15
cd5bf321-a825-4022-bc0b-ef0f74607c32,Jeanne,Lawson,jeanne.lawson@sakilacustomer.org,503 34 AVE,50
68a80757-5ed3-4fa4-8c34-5b308f79fd42,Vicki,Fields,vicki.fields@sakilacustomer.org,503 34 AVE,45
d15c3caf-6034-44e9-b700-5ebc07eea5d0,Carla,Gutierrez,carla.gutierrez@sakilacustomer.org,503 34 AVE,64
df597196-885f-482a-bc2b-b03f78bdad5a,Tara,Ryan,tara.ryan@sakilacustomer.org,503 34 AVE,46
e7f68eb3-fd98-45ff-9ca1-bdfa6d929222,Rosemary,Schmidt,rosemary.schmidt@sakilacustomer.org,503 34 AVE,46
f69aea2d-9195-4404-9bff-e35f6983d00f,Eileen,Carr,eileen.carr@sakilacustomer.org,503 34 AVE,18
7f6765e5-b4c5-4e36-adc2-769211c8a74b,Terri,Vasquez,terri.vasquez@sakilacustomer.org,503 34 AVE,22
f7ec256a-8b8f-4ce8-b18b-83a2db87aa26,Gertrude,Castillo,gertrude.castillo@sakilacustomer.org,503 34 AVE,57
63543ad0-6267-455c-a071-d4e37189d424,Lucy,Wheeler,lucy.wheeler@sakilacustomer.org,503 34 AVE,51
bc4c3418-d1e7-46c5-ba2a-98ed009791b1,Tonya,Chapman,tonya.chapman@sakilacustomer.org,503 34 AVE,43
f8829826-adc7-4fa1-96f3-aeaff3e7ec43,Ella,Oliver,ella.oliver@sakilacustomer.org,503 34 AVE,44
7b2984f1-2d98-4220-bbc4-f68a3580a38f,Stacey,Montgomery,stacey.montgomery@sakilacustomer.org,503 34 AVE,59
3e7ccd85-2e96-49ff-b4b8-a748f3f40ef5,Wilma,Richards,wilma.richards@sakilacustomer.org,503 34 AVE,59
09573567-9614-4f8d-9a67-35f029222561,Gina,Williamson,gina.williamson@sakilacustomer.org,503 34 AVE,50
96a9c4f6-cdca-4ef1-be15-20cc2fe5daa7,Kristin,Johnston,kristin.johnston@sakilacustomer.org,503 34 AVE,55
13cf9a61-a333-4018-9990-5c322f8b6f5a,Jessie,Banks,jessie.banks@sakilacustomer.org,503 34 AVE,17
f97201a1-f37d-4d92-a401-1100a42f8933,Natalie,Meyer,natalie.meyer@sakilacustomer.org,503 34 AVE,31
db2c3ef7-ffde-4bac-96ca-85380b1a4c52,Agnes,Bishop,agnes.bishop@sakilacustomer.org,503 34 AVE,23
397a912e-7798-4e61-9d2f-dd48d516cafe,Vera,Mccoy,vera.mccoy@sakilacustomer.org,503 34 AVE,28
25f976e8-43e1-411d-9915-e394fbc290c5,Willie,Howell,willie.howell@sakilacustomer.org,503 34 AVE,32
e9155f56-313f-43ee-b48a-3b953f29ec1f,Charlene,Alvarez,charlene.alvarez@sakilacustomer.org,503 34 AVE,49
dc396c0c-4131-4a13-af41-8e59e4062d8c,Bessie,Morrison,bessie.morrison@sakilacustomer.org,503 34 AVE,42
e4e9b02b-d9ec-43b0-b38a-420b2903f312,Delores,Hansen,delores.hansen@sakilacustomer.org,503 34 AVE,28
c7a5d7c6-ca5a-4287-b256-6ce73d29ec21,Melinda,Fernandez,melinda.fernandez@sakilacustomer.org,503 34 AVE,47
24930046-ed41-44d0-9d66-6fd6f4e18908,Pearl,Garza,pearl.garza@sakilacustomer.org,503 34 AVE,22
e88d6953-fe0b-43c7-b085-22efd7ba2ddc,Arlene,Harvey,arlene.harvey@sakilacustomer.org,503 34 AVE,26
c3d1b145-6819-4cf7-b861-52054795a2b4,Maureen,Little,maureen.little@sakilacustomer.org,503 34 AVE,57
6f179ae3-c965-4739-8c9f-eae425900e7d,Colleen,Burton,colleen.burton@sakilacustomer.org,503 34 AVE,51
72466f38-f9c4-4e17-b466-6a772b8a4b78,Allison,Stanley,allison.stanley@sakilacustomer.org,503 34 AVE,37
1e039ded-5a60-4610-9c1a-0966a586080a,Tamara,Nguyen,tamara.nguyen@sakilacustomer.org,503 34 AVE,52
3531ae85-773f-4d95-9af7-e21bbba4389f,Joy,George,joy.george@sakilacustomer.org,503 34 AVE,61
88877412-0ede-4b5b-9d57-884fe8074eba,Georgia,Jacobs,georgia.jacobs@sakilacustomer.org,503 34 AVE,50
16dfd931-886b-4f95-84d3-a0b6ee347827,Constance,Reid,constance.reid@sakilacustomer.org,503 34 AVE,28
19bc58f1-c45e-4e3d-9e00-d686e739832e,Lillie,Kim,lillie.kim@sakilacustomer.org,503 34 AVE,34
859d2b66-d12f-482a-a46b-c92f734d2b69,Claudia,Fuller,claudia.fuller@sakilacustomer.org,503 34 AVE,24
a239116d-eb15-4e05-8a83-5fc99944deec,Jackie,Lynch,jackie.lynch@sakilacustomer.org,503 34 AVE,15
eda52f81-9d7b-4854-842f-836c5e049b2e,Marcia,Dean,marcia.dean@sakilacustomer.org,503 34 AVE,49
3c4e4b84-088b-4e50-96f5-fdd7b0ce5088,Tanya,Gilbert,tanya.gilbert@sakilacustomer.org,503 34 AVE,63
c0a6f73e-3053-457e-98ab-4bc693b557b9,Nellie,Garrett,nellie.garrett@sakilacustomer.org,503 34 AVE,46
b5c0a802-abea-4426-a9a7-23935ad22f56,Minnie,Romero,minnie.romero@sakilacustomer.org,503 34 AVE,31
40dca2de-7afa-46be-afe7-58fa97f371a7,Marlene,Welch,marlene.welch@sakilacustomer.org,503 34 AVE,36
803eb8b9-277d-48b3-a2fc-8fcc1874bc16,Heidi,Larson,heidi.larson@sakilacustomer.org,503 34 AVE,60
46607b32-61db-46f4-b6ae-ad2adebf5772,Glenda,Frazier,glenda.frazier@sakilacustomer.org,503 34 AVE,43
677d159f-37d1-4b79-9245-6ec939fb621d,Lydia,Burke,lydia.burke@sakilacustomer.org,503 34 AVE,49
14426bde-f1af-486b-becb-21e47acd6378,Viola,Hanson,viola.hanson@sakilacustomer.org,503 34 AVE,25
70add5f0-4eec-450d-8109-497de4d3620c,Courtney,Day,courtney.day@sakilacustomer.org,503 34 AVE,32
fd6a5c59-456f-4727-a19a-d5ee8a566f70,Marian,Mendoza,marian.mendoza@sakilacustomer.org,503 34 AVE,41
11db2b13-1631-4a29-a9c1-ddf38578ddf6,Stella,Moreno,stella.moreno@sakilacustomer.org,503 34 AVE,38
a25bfbc3-ac10-4527-bdbd-55fcf2673539,Caroline,Bowman,caroline.bowman@sakilacustomer.org,503 34 AVE,45
7cea4178-8467-4e69-b42c-6cdc8e839c10,Dora,Medina,dora.medina@sakilacustomer.org,503 34 AVE,43
966a7e21-b040-4084-abb9-b36a0e199766,Jo,Fowler,jo.fowler@sakilacustomer.org,503 34 AVE,37
4521d37f-a917-4054-8f50-2c84f1405157,Vickie,Brewer,vickie.brewer@sakilacustomer.org,503 34 AVE,52
b6e7e1d0-15ac-4197-8138-5d4674fffb6b,Mattie,Hoffman,mattie.hoffman@sakilacustomer.org,503 34 AVE,56
736bcb7d-7d1e-4c1c-9a65-2c4f975e7285,Terry,Carlson,terry.carlson@sakilacustomer.org,503 34 AVE,25
3f954148-d20e-435b-9ebd-f896fe139fa3,Maxine,Silva,maxine.silva@sakilacustomer.org,503 34 AVE,21
d33568e4-80b7-4ecf-9933-999241fb8b0e,Irma,Pearson,irma.pearson@sakilacustomer.org,503 34 AVE,55
6a421570-af7f-4bdb-accb-56e436fff463,Mabel,Holland,mabel.holland@sakilacustomer.org,503 34 AVE,48
b8bff9a9-f96f-4cde-ad01-8690918f3253,Marsha,Douglas,marsha.douglas@sakilacustomer.org,503 34 AVE,53
8d14157a-fba5-41e5-8d8f-bd469c0cfd28,Myrtle,Fleming,myrtle.fleming@sakilacustomer.org,503 34 AVE,47
77c38879-5a1e-4fa6-b7d4-24313fb4b2da,Lena,Jensen,lena.jensen@sakilacustomer.org,503 34 AVE,19
39a27a3d-98b5-4af8-8491-9f6df8af2df4,Christy,Vargas,christy.vargas@sakilacustomer.org,503 34 AVE,37
c44f5cc8-a8d7-4b17-a05b-cf2b05a26eae,Deanna,Byrd,deanna.byrd@sakilacustomer.org,503 34 AVE,53
e9f80eb7-c321-41de-bd47-8c86354c6276,Patsy,Davidson,patsy.davidson@sakilacustomer.org,503 34 AVE,34
8a8983e6-07e0-4989-a7e7-fda742279bf7,Hilda,Hopkins,hilda.hopkins@sakilacustomer.org,503 34 AVE,33
7ac15e15-77a1-417b-9217-a0c89c3acdc7,Gwendolyn,May,gwendolyn.may@sakilacustomer.org,503 34 AVE,41
931c7190-7689-48be-92f9-61a52e24af89,Jennie,Terry,jennie.terry@sakilacustomer.org,503 34 AVE,35
659a2925-b523-482a-a725-be7633a98d50,Nora,Herrera,nora.herrera@sakilacustomer.org,503 34 AVE,54
ce93f884-cd39-46e0-b7f9-8f4b59edead0,Margie,Wade,margie.wade@sakilacustomer.org,503 34 AVE,58
f161d5de-e25b-4571-ba83-b2701c712784,Nina,Soto,nina.soto@sakilacustomer.org,503 34 AVE,60
ab9ce5af-39fd-4f13-bb02-a6223f05ca2a,Cassandra,Walters,cassandra.walters@sakilacustomer.org,503 34 AVE,31
daefc372-12a0-43ce-8161-f6eca5a862b7,Leah,Curtis,leah.curtis@sakilacustomer.org,503 34 AVE,16
4458c7cf-b344-4874-9961-d5ec281d7b6b,Penny,Neal,penny.neal@sakilacustomer.org,503 34 AVE,30
8fdc135c-b3b0-400b-a816-c1844879d8fe,Kay,Caldwell,kay.caldwell@sakilacustomer.org,503 34 AVE,19
f26b3c81-3340-4e9a-b238-2384b5a49524,Priscilla,Lowe,priscilla.lowe@sakilacustomer.org,503 34 AVE,20
f0c03e7e-0a63-4065-9177-ca136716b8db,Naomi,Jennings,naomi.jennings@sakilacustomer.org,503 34 AVE,25
ae8dc6da-3e68-412f-93be-6247d3eb9133,Carole,Barnett,carole.barnett@sakilacustomer.org,503 34 AVE,36
02325e1f-4b58-4a74-b69f-0e3e2e6be925,Brandy,Graves,brandy.graves@sakilacustomer.org,503 34 AVE,59
926b224a-75af-494d-8557-e1a8fd412a39,Olga,Jimenez,olga.jimenez@sakilacustomer.org,503 34 AVE,45
81b657b8-2653-441f-84ed-bc20310f40a4,Billie,Horton,billie.horton@sakilacustomer.org,503 34 AVE,52
de9a9df8-f063-4592-839a-2ac620ba8b14,Dianne,Shelton,dianne.shelton@sakilacustomer.org,503 34 AVE,32
d2292ea5-63f4-4c7b-b0e0-7a46e0e42251,Tracey,Barrett,tracey.barrett@sakilacustomer.org,503 34 AVE,16
4aa1d50f-aa61-42c2-b0a5-d0fcd23df9ce,Leona,Obrien,leona.obrien@sakilacustomer.org,503 34 AVE,27
a3e46a66-1453-4aa6-b312-0fa9efc057d4,Jenny,Castro,jenny.castro@sakilacustomer.org,503 34 AVE,20
4eab6c60-782a-44e0-b59a-d715e4ebdd0d,Felicia,Sutton,felicia.sutton@sakilacustomer.org,503 34 AVE,56
56caa85d-ec12-4cbd-bcae-ee7a4bbe1036,Sonia,Gregory,sonia.gregory@sakilacustomer.org,503 34 AVE,55
65801352-8099-458b-8add-255246d81e4d,Miriam,Mckinney,miriam.mckinney@sakilacustomer.org,503 34 AVE,44
4a4d52f4-88a6-4471-886c-4bb9e868c071,Velma,Lucas,velma.lucas@sakilacustomer.org,503 34 AVE,59
0ea6e68e-0aba-4f6a-8ea4-6f73b70c5b40,Becky,Miles,becky.miles@sakilacustomer.org,503 34 AVE,31
c5c8d3aa-186d-4e43-95ac-8d2b4211226d,Bobbie,Craig,bobbie.craig@sakilacustomer.org,503 34 AVE,24
d1dd2abb-6f32-4eb9-9b55-e252ff380855,Violet,Rodriquez,violet.rodriquez@sakilacustomer.org,503 34 AVE,23
b144911a-b394-493d-ab2f-4d5c3db4169b,Kristina,Chambers,kristina.chambers@sakilacustomer.org,503 34 AVE,26
9c058c6c-8588-4d34-a259-04067cc2f6f2,Toni,Holt,toni.holt@sakilacustomer.org,503 34 AVE,24
c4d8d11f-f2cf-4569-900c-14508688c08f,Misty,Lambert,misty.lambert@sakilacustomer.org,503 34 AVE,51
7b047ac3-4316-478f-990c-d4e3bb7d8fe1,Mae,Fletcher,mae.fletcher@sakilacustomer.org,503 34 AVE,32
70aaddab-5088-4edc-8df6-24f00afc5d2c,Shelly,Watts,shelly.watts@sakilacustomer.org,503 34 AVE,53
476f82e3-8c3b-4f0d-8664-0dbc8ec59071,Daisy,Bates,daisy.bates@sakilacustomer.org,503 34 AVE,49
5962bd7f-54d4-44c7-8082-70e5f9ee0b68,Ramona,Hale,ramona.hale@sakilacustomer.org,503 34 AVE,52
40fd5236-c51b-4ccd-8ebe-f01fff8eac0d,Sherri,Rhodes,sherri.rhodes@sakilacustomer.org,503 34 AVE,38
d24f1e36-5337-431e-85fb-72188818e1ff,Erika,Pena,erika.pena@sakilacustomer.org,503 34 AVE,48
23fd179d-e0ac-498b-b6e7-a22fed21808f,James,Gannon,james.gannon@sakilacustomer.org,503 34 AVE,46
5b9c39d2-af04-40a2-ae1c-1177f3868c16,John,Farnsworth,john.farnsworth@sakilacustomer.org,503 34 AVE,23
6c2b906b-c227-4e3a-889e-807a6acec75d,Robert,Baughman,robert.baughman@sakilacustomer.org,503 34 AVE,47
42d3f93c-626e-4b02-b9d1-837dc77ec1ba,Michael,Silverman,michael.silverman@sakilacustomer.org,503 34 AVE,44
e692a93a-2c84-4bc6-a144-c29796dac2ea,William,Satterfield,william.satterfield@sakilacustomer.org,503 34 AVE,51
41fc2ef7-97a8-454d-b22b-93d97f790fee,David,Royal,david.royal@sakilacustomer.org,503 34 AVE,26
b77bd2c5-6fdb-403d-aa61-1f421e08710c,Richard,Mccrary,richard.mccrary@sakilacustomer.org,503 34 AVE,24
14b78e16-5abf-4b01-8b40-a137462e0dce,Charles,Kowalski,charles.kowalski@sakilacustomer.org,503 34 AVE,33
5393a676-657f-4296-a6ad-17ad9c42d1a9,Joseph,Joy,joseph.joy@sakilacustomer.org,503 34 AVE,55
cb76cc4b-f7ad-417a-b3e8-7f40d13301c0,Thomas,Grigsby,thomas.grigsby@sakilacustomer.org,503 34 AVE,15
80caaff1-d9e8-42d6-a97d-215186d5f09a,Christopher,Greco,christopher.greco@sakilacustomer.org,503 34 AVE,28
b9613500-9d7a-4516-a287-d87127e319bb,Daniel,Cabral,daniel.cabral@sakilacustomer.org,503 34 AVE,20
726fba54-145e-4358-8321-f68f3344c143,Paul,Trout,paul.trout@sakilacustomer.org,503 34 AVE,59
1c86537c-7ced-4d37-b121-5be7b0b13e47,Mark,Rinehart,mark.rinehart@sakilacustomer.org,503 34 AVE,18
0ecd68b5-9160-4033-b4ad-6b53450f8cc5,Donald,Mahon,donald.mahon@sakilacustomer.org,503 34 AVE,27
2a07562c-33dc-41cc-a2de-72994e7e2cfe,George,Linton,george.linton@sakilacustomer.org,503 34 AVE,46
30b829a9-3666-4980-90e2-0c0f698cfc0d,Kenneth,Gooden,kenneth.gooden@sakilacustomer.org,503 34 AVE,35
4317b051-4165-47c8-bb60-5bc160daa6cf,Steven,Curley,steven.curley@sakilacustomer.org,503 34 AVE,28
9c473c32-8e8f-425e-88ec-e5bcdd2dea51,Edward,Baugh,edward.baugh@sakilacustomer.org,503 34 AVE,22
dad1cd87-3023-4624-80eb-bbdd09d479c4,Brian,Wyman,brian.wyman@sakilacustomer.org,503 34 AVE,48
1b6d7dc9-1145-456a-890b-268d715aaf34,Ronald,Weiner,ronald.weiner@sakilacustomer.org,503 34 AVE,20
36320227-a0d9-42b0-86f8-6c20d60cda25,Anthony,Schwab,anthony.schwab@sakilacustomer.org,503 34 AVE,18
b9892501-bd18-432d-bd59-8e8fb1bb2005,Kevin,Schuler,kevin.schuler@sakilacustomer.org,503 34 AVE,51
25bbdad8-a175-4fa0-99a5-057024548456,Jason,Morrissey,jason.morrissey@sakilacustomer.org,503 34 AVE,27
e1485765-807a-4743-b340-9ee7856cb1b9,Matthew,Mahan,matthew.mahan@sakilacustomer.org,503 34 AVE,58
6d006f73-1baf-4944-8873-6ab4f55baf2d,Gary,Coy,gary.coy@sakilacustomer.org,503 34 AVE,17
e4296e64-623f-417e-9188-143744a2f090,Timothy,Bunn,timothy.bunn@sakilacustomer.org,503 34 AVE,40
fec9a33c-9bd8-4bbc-a48f-96daf942af72,Jose,Andrew,jose.andrew@sakilacustomer.org,503 34 AVE,18
f40d154d-0f8a-4d3e-a275-084b2a5f4aa3,Larry,Thrasher,larry.thrasher@sakilacustomer.org,503 34 AVE,50
3c4b91c2-f9d3-4b56-848d-4b66fea20927,Jeffrey,Spear,jeffrey.spear@sakilacustomer.org,503 34 AVE,39
850cfd7d-e87e-47be-94fa-11e9cbf2f1bd,Frank,Waggoner,frank.waggoner@sakilacustomer.org,503 34 AVE,37
9e13818d-8e0a-4a6a-a3ce-de9353fadb46,Scott,Shelley,scott.shelley@sakilacustomer.org,503 34 AVE,57
9e54b44d-79dc-4ee3-9e15-8a3640437a5c,Eric,Robert,eric.robert@sakilacustomer.org,503 34 AVE,28
0ed03d31-f0c2-4e30-b1ea-a95a8465a698,Stephen,Qualls,stephen.qualls@sakilacustomer.org,503 34 AVE,26
ad566772-5db0-4320-b4fd-55fb8f10a589,Andrew,Purdy,andrew.purdy@sakilacustomer.org,503 34 AVE,35
948b6097-de22-4b9c-9037-eb256d4174aa,Raymond,Mcwhorter,raymond.mcwhorter@sakilacustomer.org,503 34 AVE,60
4e6bdac5-88a5-4b54-8be9-f6e724700347,Gregory,Mauldin,gregory.mauldin@sakilacustomer.org,503 34 AVE,46
160a1fcb-2b01-4fcf-9f27-3baa3f120aad,Joshua,Mark,joshua.mark@sakilacustomer.org,503 34 AVE,16
e390e4b7-e762-473c-a44a-19ec285d6e2c,Jerry,Jordon,jerry.jordon@sakilacustomer.org,503 34 AVE,29
69272f82-7b79-48b4-9ff2-44bde1c5a3fa,Dennis,Gilman,dennis.gilman@sakilacustomer.org,503 34 AVE,50
979bf483-4699-47fe-a76c-01118232770e,Walter,Perryman,walter.perryman@sakilacustomer.org,503 34 AVE,41
0e03cbb0-cb36-42f7-8ee7-29662097b1d3,Patrick,Newsom,patrick.newsom@sakilacustomer.org,503 34 AVE,33
30e912eb-62eb-4b91-a8f8-08c8c62779e2,Peter,Menard,peter.menard@sakilacustomer.org,503 34 AVE,42
68d4c7b8-a89b-434c-aee7-c4f8385680f4,Harold,Martino,harold.martino@sakilacustomer.org,503 34 AVE,48
9b19526e-0ff6-4be6-b90a-82a5b7c44c24,Douglas,Graf,douglas.graf@sakilacustomer.org,503 34 AVE,30
99aceaca-f821-40b7-ac94-fc41be862d6d,Henry,Billingsley,henry.billingsley@sakilacustomer.org,503 34 AVE,28
a185788a-e4ec-4c98-bc9c-404e687c8378,Carl,Artis,carl.artis@sakilacustomer.org,503 34 AVE,57
0038c6e6-d81d-4b5a-b7a0-5483a0e3c044,Arthur,Simpkins,arthur.simpkins@sakilacustomer.org,503 34 AVE,57
e2510f69-22ce-4182-8d54-bb6fd008233f,Ryan,Salisbury,ryan.salisbury@sakilacustomer.org,503 34 AVE,38
4ee8f4ee-de1b-482c-a55f-471fbfb7ab54,Roger,Quintanilla,roger.quintanilla@sakilacustomer.org,503 34 AVE,37
92ed09e8-a2f7-4ad8-b788-4c7170fc0dbf,Joe,Gilliland,joe.gilliland@sakilacustomer.org,503 34 AVE,37
688166d1-d26e-4d20-92b5-1b74884507e3,Juan,Fraley,juan.fraley@sakilacustomer.org,503 34 AVE,25
eaf7cf62-3140-4501-8281-a1af1dac26b5,Jack,Foust,jack.foust@sakilacustomer.org,503 34 AVE,50
57b82790-bee9-4322-b58b-7018897ffd5d,Albert,Crouse,albert.crouse@sakilacustomer.org,503 34 AVE,25
3c1e887c-d318-43da-acfb-04a9a8ae1968,Jonathan,Scarborough,jonathan.scarborough@sakilacustomer.org,503 34 AVE,64
48fa0c76-620b-419e-95e0-ffe140610536,Justin,Ngo,justin.ngo@sakilacustomer.org,503 34 AVE,42
65e7ab7d-67a2-4fcc-810c-77e9de60d395,Terry,Grissom,terry.grissom@sakilacustomer.org,503 34 AVE,34
0f6aea89-bd9b-4648-b7c1-c92226920205,Gerald,Fultz,gerald.fultz@sakilacustomer.org,503 34 AVE,49
0e006f11-f45a-4875-b8eb-8332e16777ad,Keith,Rico,keith.rico@sakilacustomer.org,503 34 AVE,54
0033487d-b649-46c6-afe9-8e745bee7841,Samuel,Marlow,samuel.marlow@sakilacustomer.org,503 34 AVE,22
1b481894-36c8-4a1c-b85b-54c4316232fc,Willie,Markham,willie.markham@sakilacustomer.org,503 34 AVE,64
411b00ba-399a-44a8-a77f-fb75b200e66b,Ralph,Madrigal,ralph.madrigal@sakilacustomer.org,503 34 AVE,26
f9197413-f1a9-4b5a-bfcb-8be053b87042,Lawrence,Lawton,lawrence.lawton@sakilacustomer.org,503 34 AVE,41
1baa506b-d325-4e73-963e-54fc84371376,Nicholas,Barfield,nicholas.barfield@sakilacustomer.org,503 34 AVE,21
258c8c71-ca11-49e7-a835-ea6108365d14,Roy,Whiting,roy.whiting@sakilacustomer.org,503 34 AVE,45
bc7ca69e-102a-4c92-883b-5c2611effd7d,Benjamin,Varney,benjamin.varney@sakilacustomer.org,503 34 AVE,29
816f23a4-00ac-4b07-8270-c4940aa1299c,Bruce,Schwarz,bruce.schwarz@sakilacustomer.org,503 34 AVE,26
6abd74b6-db8c-43a0-9658-7694594bbefb,Brandon,Huey,brandon.huey@sakilacustomer.org,503 34 AVE,45
7851a971-b520-4a3a-8951-b4a9a0a6aa3d,Adam,Gooch,adam.gooch@sakilacustomer.org,503 34 AVE,34
440117be-1ac2-4d4e-8a9a-ad3fb64a4bd7,Harry,Arce,harry.arce@sakilacustomer.org,503 34 AVE,64
7edab535-a12f-4a36-b4e8-7c2d2c1242f3,Fred,Wheat,fred.wheat@sakilacustomer.org,503 34 AVE,55
34310732-dc59-4956-aadb-2304afb684fa,Wayne,Truong,wayne.truong@sakilacustomer.org,503 34 AVE,32
f1485112-1e2e-4ce9-b693-6a3dcae6d276,Billy,Poulin,billy.poulin@sakilacustomer.org,503 34 AVE,30
dfe63795-2adc-4605-beef-ab90f5b6dcb7,Steve,Mackenzie,steve.mackenzie@sakilacustomer.org,503 34 AVE,26
47e1993f-18cf-460a-8ac1-a994245dfb03,Louis,Leone,louis.leone@sakilacustomer.org,503 34 AVE,35
8f58d162-c64b-4f1c-bc73-269a2e0bed76,Jeremy,Hurtado,jeremy.hurtado@sakilacustomer.org,503 34 AVE,50
80682a05-7f56-49d1-8303-b027d632a5a7,Aaron,Selby,aaron.selby@sakilacustomer.org,503 34 AVE,57
2e33b847-df81-4e83-a2ab-7357abf67862,Randy,Gaither,randy.gaither@sakilacustomer.org,503 34 AVE,61
b1e2e963-e711-471e-b036-48c5175ce365,Howard,Fortner,howard.fortner@sakilacustomer.org,503 34 AVE,46
c580f7fb-4ef2-4130-9d2b-64e0d77c2588,Eugene,Culpepper,eugene.culpepper@sakilacustomer.org,503 34 AVE,50
b035d383-c5ba-4a85-a1d7-419ae2f5d489,Carlos,Coughlin,carlos.coughlin@sakilacustomer.org,503 34 AVE,34
12c9a9da-2df8-4536-8410-0f1e73043ba1,Russell,Brinson,russell.brinson@sakilacustomer.org,503 34 AVE,62
cd57e6a5-f290-4dc4-bb22-56885becaf6b,Bobby,Boudreau,bobby.boudreau@sakilacustomer.org,503 34 AVE,26
4aa41ec7-5ae6-4862-a5c1-b76800e78086,Victor,Barkley,victor.barkley@sakilacustomer.org,503 34 AVE,47
0482fbd9-27c4-4bce-b610-ac553a5997fa,Martin,Bales,martin.bales@sakilacustomer.org,503 34 AVE,45
88e15c01-7523-4a7a-8cab-996c84bf03f4,Ernest,Stepp,ernest.stepp@sakilacustomer.org,503 34 AVE,49
7f032f44-0252-4c2a-acf9-81b531ad3ef8,Phillip,Holm,phillip.holm@sakilacustomer.org,503 34 AVE,55
ccac5526-7a3b-4ae6-b60c-568b11f06809,Todd,Tan,todd.tan@sakilacustomer.org,503 34 AVE,49
3acb3c5e-3d5c-46ba-be93-39c5207f4d63,Jesse,Schilling,jesse.schilling@sakilacustomer.org,503 34 AVE,52
93dc4582-6a06-4279-8627-2ed15d7c58a6,Craig,Morrell,craig.morrell@sakilacustomer.org,503 34 AVE,26
9ba131e9-c771-4d4d-8308-179f86a2e4d0,Alan,Kahn,alan.kahn@sakilacustomer.org,503 34 AVE,41
e905282b-77cd-4a3d-a77a-e857836d7b88,Shawn,Heaton,shawn.heaton@sakilacustomer.org,503 34 AVE,34
030b7d58-8bdb-4103-85af-0a3e203b84c5,Clarence,Gamez,clarence.gamez@sakilacustomer.org,503 34 AVE,55
f64a4bf8-bbcc-49ef-8df0-ce9680b0eb67,Sean,Douglass,sean.douglass@sakilacustomer.org,503 34 AVE,64
ed5d8af1-339f-4e4a-b80a-e94546d140ff,Philip,Causey,philip.causey@sakilacustomer.org,503 34 AVE,27
5571e5a3-374f-4999-a66b-cb6361bda0fa,Chris,Brothers,chris.brothers@sakilacustomer.org,503 34 AVE,55
142a6c4f-6186-4c53-a760-1ef1b36550ea,Johnny,Turpin,johnny.turpin@sakilacustomer.org,503 34 AVE,34
2f19ceea-7dc6-4407-b983-bbc3dc875773,Earl,Shanks,earl.shanks@sakilacustomer.org,503 34 AVE,51
b084fcfd-373d-496a-9f0f-4ebfb8eedd37,Jimmy,Schrader,jimmy.schrader@sakilacustomer.org,503 34 AVE,18
bdd7624c-9c1a-4f7d-9ef1-0a6758f3449f,Antonio,Meek,antonio.meek@sakilacustomer.org,503 34 AVE,61
072b4f5a-b0f8-44f7-92ca-64a1086c798b,Danny,Isom,danny.isom@sakilacustomer.org,503 34 AVE,60
97618830-8a38-42aa-a36f-545f021bce55,Bryan,Hardison,bryan.hardison@sakilacustomer.org,503 34 AVE,45
a94e8c68-d74f-45e1-8011-0b41cd39d792,Tony,Carranza,tony.carranza@sakilacustomer.org,503 34 AVE,48
6d056842-685d-42b9-86ff-ae72d71883ad,Luis,Yanez,luis.yanez@sakilacustomer.org,503 34 AVE,39
bb2dbd50-7fe6-45c5-9d6e-07af9bea37c2,Mike,Way,mike.way@sakilacustomer.org,503 34 AVE,21
b95f9292-08f8-4177-acca-5d9ed7750595,Stanley,Scroggins,stanley.scroggins@sakilacustomer.org,503 34 AVE,57
e1a90ae1-7dea-4d2e-bf6d-c464919182cd,Leonard,Schofield,leonard.schofield@sakilacustomer.org,503 34 AVE,46
b892e7c4-d05f-4b27-8d35-b1e8f050ef7e,Nathan,Runyon,nathan.runyon@sakilacustomer.org,503 34 AVE,31
8936ca50-ac8a-4740-80c7-2b1edb3a5317,Dale,Ratcliff,dale.ratcliff@sakilacustomer.org,503 34 AVE,15
9c28222d-10d4-45ea-8b46-2acaf3c3c8a9,Manuel,Murrell,manuel.murrell@sakilacustomer.org,503 34 AVE,51
0a19ccfa-3278-4609-953b-78ddecf4c75b,Rodney,Moeller,rodney.moeller@sakilacustomer.org,503 34 AVE,47
38e73fe8-aa2c-49ce-86b8-96c5d2ddb7cd,Curtis,Irby,curtis.irby@sakilacustomer.org,503 34 AVE,62
9cd9723f-21c8-4653-a6d9-7fbc61e31f1e,Norman,Currier,norman.currier@sakilacustomer.org,503 34 AVE,20
8b580d83-9c4f-4943-9f1c-2618e1cecbcb,Allen,Butterfield,allen.butterfield@sakilacustomer.org,503 34 AVE,32
4b1fb65b-3dfb-45f5-84aa-da84ec246f63,Marvin,Yee,marvin.yee@sakilacustomer.org,503 34 AVE,47
39c6b490-880f-412c-9d87-e01aa5decf57,Vincent,Ralston,vincent.ralston@sakilacustomer.org,503 34 AVE,16
491550bb-55b7-4615-8383-86cf2e8e8ba8,Glenn,Pullen,glenn.pullen@sakilacustomer.org,503 34 AVE,31
9d9f299e-4f27-4c65-8c9e-b709c25ef515,Jeffery,Pinson,jeffery.pinson@sakilacustomer.org,503 34 AVE,30
900994bb-7a05-4472-ae25-1aa5bfac7c70,Travis,Estep,travis.estep@sakilacustomer.org,503 34 AVE,43
caeb048c-c6d0-441c-a558-4a276b12c832,Jeff,East,jeff.east@sakilacustomer.org,503 34 AVE,50
91c07480-f1cf-409e-8d8a-62ec78cc07d8,Chad,Carbone,chad.carbone@sakilacustomer.org,503 34 AVE,49
5b53f980-c301-4d4d-bc56-cdc5ea1ec100,Jacob,Lance,jacob.lance@sakilacustomer.org,503 34 AVE,20
592c08c1-d46b-4caf-8eb9-47ebfd3a5853,Lee,Hawks,lee.hawks@sakilacustomer.org,503 34 AVE,16
b5b323e5-dc29-41d1-b469-7a1f0d9d5972,Melvin,Ellington,melvin.ellington@sakilacustomer.org,503 34 AVE,26
3b9b4a01-bc41-4038-82cc-cd1602f4e35a,Alfred,Casillas,alfred.casillas@sakilacustomer.org,503 34 AVE,27
770cce8c-1b40-49d8-b1eb-c9b9087f7122,Kyle,Spurlock,kyle.spurlock@sakilacustomer.org,503 34 AVE,15
0d4f6e62-c509-447c-99da-e63218f8644c,Francis,Sikes,francis.sikes@sakilacustomer.org,503 34 AVE,51
b774eeb6-7233-4c68-a788-29c2277e6897,Bradley,Motley,bradley.motley@sakilacustomer.org,503 34 AVE,26
feea084c-0caa-4304-98d9-715e67f7a336,Jesus,Mccartney,jesus.mccartney@sakilacustomer.org,503 34 AVE,36
2aa70d60-9ae8-4190-b197-be13c3d47c10,Herbert,Kruger,herbert.kruger@sakilacustomer.org,503 34 AVE,50
98550156-8fe6-471d-badc-bfb621eacf1a,Frederick,Isbell,frederick.isbell@sakilacustomer.org,503 34 AVE,30
acb3619f-b30b-436c-a1a4-8c984d60f0d0,Ray,Houle,ray.houle@sakilacustomer.org,503 34 AVE,38
160e9c10-27d4-4003-b600-205ccffb31f4,Joel,Francisco,joel.francisco@sakilacustomer.org,503 34 AVE,46
9e86c950-b3d3-47c7-a531-c7763f63f708,Edwin,Burk,edwin.burk@sakilacustomer.org,503 34 AVE,15
a0a9bd71-7e3c-4dbe-aceb-5d0b61cf2be6,Don,Bone,don.bone@sakilacustomer.org,503 34 AVE,29
db26e41d-2c97-4889-9817-5d36b1ca71bb,Eddie,Tomlin,eddie.tomlin@sakilacustomer.org,503 34 AVE,23
9d3b1de7-6e31-45f4-89aa-419505d16114,Ricky,Shelby,ricky.shelby@sakilacustomer.org,503 34 AVE,32
12e28d90-6719-41ce-a1a1-2f0a86f1b581,Troy,Quigley,troy.quigley@sakilacustomer.org,503 34 AVE,27
0d2b5f87-d13a-4442-928b-5ac764e983ca,Randall,Neumann,randall.neumann@sakilacustomer.org,503 34 AVE,63
95a7c642-84e7-4a56-8adc-b3cd795fd68f,Barry,Lovelace,barry.lovelace@sakilacustomer.org,503 34 AVE,18
70cf6622-bcb2-4ec9-9926-7b83c74eea99,Alexander,Fennell,alexander.fennell@sakilacustomer.org,503 34 AVE,53
d6d04c9f-577b-44d6-adb9-a3f987764c41,Bernard,Colby,bernard.colby@sakilacustomer.org,503 34 AVE,34
067905fa-fda7-4026-9ca4-6ce12f34c4ff,Mario,Cheatham,mario.cheatham@sakilacustomer.org,503 34 AVE,46
6378a26a-9479-40cd-b146-f145a30363d8,Leroy,Bustamante,leroy.bustamante@sakilacustomer.org,503 34 AVE,53
a51ffe91-acc5-4379-86c2-33482b72ee30,Francisco,Skidmore,francisco.skidmore@sakilacustomer.org,503 34 AVE,23
d91e256f-d46d-419f-b6df-6b1d8d8f63b4,Marcus,Hidalgo,marcus.hidalgo@sakilacustomer.org,503 34 AVE,55
e5054124-4bf0-4a70-8884-b3fca9a8ad5d,Micheal,Forman,micheal.forman@sakilacustomer.org,503 34 AVE,33
f426dc27-6405-479c-976b-27709772960a,Theodore,Culp,theodore.culp@sakilacustomer.org,503 34 AVE,20
cb29baad-e9fb-4cdb-87e3-5bf22f3c042f,Clifford,Bowens,clifford.bowens@sakilacustomer.org,503 34 AVE,44
6968dbad-e22f-4867-b81d-7cf3f39b3e7b,Miguel,Betancourt,miguel.betancourt@sakilacustomer.org,503 34 AVE,35
8d31ea26-0560-466f-8fc2-901e5e44bc1a,Oscar,Aquino,oscar.aquino@sakilacustomer.org,503 34 AVE,34
39ab5771-ed91-449b-adc7-d1b31aec9640,Jay,Robb,jay.robb@sakilacustomer.org,503 34 AVE,53
0ee837ad-dccf-4147-a1f7-141cad9c8fc5,Jim,Rea,jim.rea@sakilacustomer.org,503 34 AVE,64
b91a5197-6392-4cc9-8e28-63f6af240813,Tom,Milner,tom.milner@sakilacustomer.org,503 34 AVE,29
5ddd865a-9b44-4791-a51c-8064b9b5adc6,Calvin,Martel,calvin.martel@sakilacustomer.org,503 34 AVE,44
c27b24dc-200d-4b0e-9120-7b3c364757a1,Alex,Gresham,alex.gresham@sakilacustomer.org,503 34 AVE,15
4b7b5047-6301-424a-a473-f36148cb2556,Jon,Wiles,jon.wiles@sakilacustomer.org,503 34 AVE,33
7fc48505-6802-4c8a-b4c2-ceddc61cc5f3,Ronnie,Ricketts,ronnie.ricketts@sakilacustomer.org,503 34 AVE,35
49a10c7b-3427-474e-a8a4-0e32e9aef448,Bill,Gavin,bill.gavin@sakilacustomer.org,503 34 AVE,54
f5cad8a3-5517-4b10-8dc3-6bc7b2abf9e6,Lloyd,Dowd,lloyd.dowd@sakilacustomer.org,503 34 AVE,42
4ed3e4c3-c4c5-4af7-a193-b25b7f17d35c,Tommy,Collazo,tommy.collazo@sakilacustomer.org,503 34 AVE,58
0256d713-67d4-4aad-9fd0-97580282f4b9,Leon,Bostic,leon.bostic@sakilacustomer.org,503 34 AVE,59
ec2ecae3-3361-4a90-9640-9c12afcc32ed,Derek,Blakely,derek.blakely@sakilacustomer.org,503 34 AVE,60
d94c8b64-1432-4cf3-96a5-3aa6e74c61a7,Warren,Sherrod,warren.sherrod@sakilacustomer.org,503 34 AVE,52
8ba37df8-b589-40e9-8401-71dea7123920,Darrell,Power,darrell.power@sakilacustomer.org,503 34 AVE,54
bc3b2d81-2937-458d-9bed-bb1b7729925d,Jerome,Kenyon,jerome.kenyon@sakilacustomer.org,503 34 AVE,45
db386f69-bc9c-47d1-ac6b-66643583cea2,Floyd,Gandy,floyd.gandy@sakilacustomer.org,503 34 AVE,60
d4e678bc-3853-4852-b629-abaed95d8e3d,Leo,Ebert,leo.ebert@sakilacustomer.org,503 34 AVE,55
eba1fc3d-a20a-4da2-8bf4-228717ab7a9e,Alvin,Deloach,alvin.deloach@sakilacustomer.org,503 34 AVE,59
19fc01cb-0ba3-4992-bbe2-af68698ffd42,Tim,Cary,tim.cary@sakilacustomer.org,503 34 AVE,55
6076c4b1-4351-46cc-973a-d74391a32293,Wesley,Bull,wesley.bull@sakilacustomer.org,503 34 AVE,33
01e685dd-683a-4933-946e-3d142c38119f,Gordon,Allard,gordon.allard@sakilacustomer.org,503 34 AVE,48
d3681c8a-44f8-4f56-b961-6b807a469e27,Dean,Sauer,dean.sauer@sakilacustomer.org,503 34 AVE,45
c9ac0c2d-baaa-479a-930f-78ae46a4f809,Greg,Robins,greg.robins@sakilacustomer.org,503 34 AVE,31
90a1c8d3-996f-4f1c-9933-b6d3c22870bb,Jorge,Olivares,jorge.olivares@sakilacustomer.org,503 34 AVE,18
b6b0f08b-75ae-448d-b7ba-29e2e3bd332b,Dustin,Gillette,dustin.gillette@sakilacustomer.org,503 34 AVE,34
556f4ff4-e552-4b19-b965-d2308d82b687,Pedro,Chestnut,pedro.chestnut@sakilacustomer.org,503 34 AVE,15
e7506679-de16-4a69-8c94-735b98c7266e,Derrick,Bourque,derrick.bourque@sakilacustomer.org,503 34 AVE,57
a4b76fa8-4cc1-4cb0-b4c1-e728441490a0,Dan,Paine,dan.paine@sakilacustomer.org,503 34 AVE,52
dc716d10-fe92-4fbc-acb1-a9fbe92ade1a,Lewis,Lyman,lewis.lyman@sakilacustomer.org,503 34 AVE,59
d676a86d-f376-4216-9088-ed272e1a74a3,Zachary,Hite,zachary.hite@sakilacustomer.org,503 34 AVE,37
2e412ff7-fcf9-42fc-874b-eb299ff9ed7d,Corey,Hauser,corey.hauser@sakilacustomer.org,503 34 AVE,35
41746c69-da97-4462-80fc-ceda6c0736a8,Herman,Devore,herman.devore@sakilacustomer.org,503 34 AVE,22
7803dcd5-88d2-48b4-8157-86ae5d48fd70,Maurice,Crawley,maurice.crawley@sakilacustomer.org,503 34 AVE,51
f0fa32e9-920d-4ac6-b2cf-68fbc4c72598,Vernon,Chapa,vernon.chapa@sakilacustomer.org,503 34 AVE,39
ec991624-49af-4209-9bc3-c1961b50db00,Roberto,Vu,roberto.vu@sakilacustomer.org,503 34 AVE,64
d30f495e-1dd1-4027-9b97-7bd0b2ce703c,Clyde,Tobias,clyde.tobias@sakilacustomer.org,503 34 AVE,53
8abfd661-4060-4659-84e2-28389085f21e,Glen,Talbert,glen.talbert@sakilacustomer.org,503 34 AVE,39
1c0a07ff-e850-489e-a152-2edb19f31582,Hector,Poindexter,hector.poindexter@sakilacustomer.org,503 34 AVE,34
10c2a958-21dc-4d17-b5de-28e5cc134a00,Shane,Millard,shane.millard@sakilacustomer.org,503 34 AVE,58
cad5004b-66a9-4202-b100-89e01c1b209b,Ricardo,Meador,ricardo.meador@sakilacustomer.org,503 34 AVE,23
33cc9f27-d45f-4f92-8969-cf3af1b4acd5,Sam,Mcduffie,sam.mcduffie@sakilacustomer.org,503 34 AVE,29
5f26adeb-e48d-481e-9964-b464db292fc6,Rick,Mattox,rick.mattox@sakilacustomer.org,503 34 AVE,26
985e759f-5647-43c3-a448-115da8af7ac5,Lester,Kraus,lester.kraus@sakilacustomer.org,503 34 AVE,64
d785ac15-0e82-452a-bb78-39b923688a93,Brent,Harkins,brent.harkins@sakilacustomer.org,503 34 AVE,49
6d39504b-68cf-486e-a192-6e487d8f0d2e,Ramon,Choate,ramon.choate@sakilacustomer.org,503 34 AVE,61
32ad949d-c060-4faa-9f7b-92e6b4974d78,Charlie,Bess,charlie.bess@sakilacustomer.org,503 34 AVE,45
cab98b06-24a6-41dd-a885-3494633edc5e,Tyler,Wren,tyler.wren@sakilacustomer.org,503 34 AVE,53
d9b23036-fdaf-42af-83fd-30e1fb955c5a,Gilbert,Sledge,gilbert.sledge@sakilacustomer.org,503 34 AVE,49
524a5723-bf7f-4cd7-90b6-6bf91c0225a2,Gene,Sanborn,gene.sanborn@sakilacustomer.org,503 34 AVE,60
3ce3706c-fe31-463c-b53d-b5f519364d33,Marc,Outlaw,marc.outlaw@sakilacustomer.org,503 34 AVE,32
6cbd4f04-6c30-40b2-93aa-2f48416925bb,Reginald,Kinder,reginald.kinder@sakilacustomer.org,503 34 AVE,62
a1fcfb46-69d8-4148-a32c-c6ab42b2a42d,Ruben,Geary,ruben.geary@sakilacustomer.org,503 34 AVE,18
126dafa0-1399-4819-a7bb-9b07d59c0520,Brett,Cornwell,brett.cornwell@sakilacustomer.org,503 34 AVE,43
a45510e0-2533-46b6-a366-bbfd0f187baa,Angel,Barclay,angel.barclay@sakilacustomer.org,503 34 AVE,52
3f2b0897-f15f-4caf-b86f-d397d6b4e44f,Nathaniel,Adam,nathaniel.adam@sakilacustomer.org,503 34 AVE,34
67564801-6ec6-4708-9d8f-baaabf27080f,Rafael,Abney,rafael.abney@sakilacustomer.org,503 34 AVE,36
d6290e92-e8c3-4e98-a94b-e74f0f1553fe,Leslie,Seward,leslie.seward@sakilacustomer.org,503 34 AVE,58
7a406ef1-32c4-4720-9ea1-6a889927337a,Edgar,Rhoads,edgar.rhoads@sakilacustomer.org,503 34 AVE,16
0c16a387-a218-4b93-ab67-7756fc999ec7,Milton,Howland,milton.howland@sakilacustomer.org,503 34 AVE,58
5de135e0-6db2-4f9b-9d7e-5d79d97832ef,Raul,Fortier,raul.fortier@sakilacustomer.org,503 34 AVE,16
566a0651-6962-4b29-852c-c3f0ae37bd5e,Ben,Easter,ben.easter@sakilacustomer.org,503 34 AVE,33
e809ee05-615b-4d20-8eed-edd3c95293b8,Chester,Benner,chester.benner@sakilacustomer.org,503 34 AVE,40
203ebdc1-60d1-40f3-a1ec-7a29e7097317,Cecil,Vines,cecil.vines@sakilacustomer.org,503 34 AVE,41
5692cad5-f5d0-4c6f-8b99-ed9f148b1b42,Duane,Tubbs,duane.tubbs@sakilacustomer.org,503 34 AVE,53
7fbe150b-7d28-4bb6-8288-0386efccb2ec,Franklin,Troutman,franklin.troutman@sakilacustomer.org,503 34 AVE,59
82ab2957-3706-42eb-8393-10709c40503c,Andre,Rapp,andre.rapp@sakilacustomer.org,503 34 AVE,33
6d5361fe-ddba-4a5f-aef6-5a3b50f334e5,Elmer,Noe,elmer.noe@sakilacustomer.org,503 34 AVE,27
9b3742a3-026a-49a8-a107-dddc9158d9e2,Brad,Mccurdy,brad.mccurdy@sakilacustomer.org,503 34 AVE,42
b8374663-daae-46c2-b4a3-b746a97c5718,Gabriel,Harder,gabriel.harder@sakilacustomer.org,503 34 AVE,41
6b5cc3d3-70e9-4ee1-9a56-00b57974aeeb,Ron,Deluca,ron.deluca@sakilacustomer.org,503 34 AVE,57
adbf42db-0dd0-4977-ac58-7e5c2ca1dc8c,Mitchell,Westmoreland,mitchell.westmoreland@sakilacustomer.org,503 34 AVE,26
cb35c831-7c52-4a94-acd6-4e0dc65d4939,Roland,South,roland.south@sakilacustomer.org,503 34 AVE,45
80975139-5bfd-45e9-8096-ccf01044d205,Arnold,Havens,arnold.havens@sakilacustomer.org,503 34 AVE,21
02d8873a-180f-4e14-8edd-e4fcc467b377,Harvey,Guajardo,harvey.guajardo@sakilacustomer.org,503 34 AVE,44
d55e468a-3952-4a19-8347-ae768908129d,Adrian,Clary,adrian.clary@sakilacustomer.org,503 34 AVE,41
1d672d23-3237-48ec-aa7c-e3407fe72c38,Karl,Seal,karl.seal@sakilacustomer.org,503 34 AVE,31
ec92dd71-aeb5-4146-a893-6458250fbf3b,Cory,Meehan,cory.meehan@sakilacustomer.org,503 34 AVE,39
622e4ebf-a38b-4c26-93fd-e42aac947937,Claude,Herzog,claude.herzog@sakilacustomer.org,503 34 AVE,32
fe82f07a-c0aa-4255-bea6-624b824b8455,Erik,Guillen,erik.guillen@sakilacustomer.org,503 34 AVE,37
99ddadc6-7aa8-4226-b71a-3efe1f5e7ea4,Darryl,Ashcraft,darryl.ashcraft@sakilacustomer.org,503 34 AVE,56
a2d03549-0194-4a45-b84b-965e765a2603,Jamie,Waugh,jamie.waugh@sakilacustomer.org,503 34 AVE,51
a0a97cfd-3676-4f66-828d-fe68cd7e0315,Neil,Renner,neil.renner@sakilacustomer.org,503 34 AVE,27
5dae45a2-a25d-4442-ba76-e811408b36da,Jessie,Milam,jessie.milam@sakilacustomer.org,503 34 AVE,52
e58cd223-cf80-4443-9f08-52cd1e8d3a4a,Christian,Jung,christian.jung@sakilacustomer.org,503 34 AVE,53
e9b6fe59-01a0-4bf1-9f6f-11a3d2386b28,Javier,Elrod,javier.elrod@sakilacustomer.org,503 34 AVE,52
be1c16f3-9c49-4958-82ac-02073771ea25,Fernando,Churchill,fernando.churchill@sakilacustomer.org,503 34 AVE,30
cd34f73b-c6f9-4c93-8227-efd695c9c440,Clinton,Buford,clinton.buford@sakilacustomer.org,503 34 AVE,31
faf94a30-066a-497d-8779-6e99fc9950bb,Ted,Breaux,ted.breaux@sakilacustomer.org,503 34 AVE,27
249c9053-02f5-42d3-94b1-6d5b0ede4ef3,Mathew,Bolin,mathew.bolin@sakilacustomer.org,503 34 AVE,43
40356aab-7c26-46a8-81f6-7ba1d95caf4d,Tyrone,Asher,tyrone.asher@sakilacustomer.org,503 34 AVE,55
fd1f7f4a-7736-45cf-9a50-27db70850ec7,Darren,Windham,darren.windham@sakilacustomer.org,503 34 AVE,60
4ca874ab-ddd1-43ba-83f5-9d51862d3b79,Lonnie,Tirado,lonnie.tirado@sakilacustomer.org,503 34 AVE,35
1fc915e9-4763-47ba-a467-80b948cebe2d,Lance,Pemberton,lance.pemberton@sakilacustomer.org,503 34 AVE,21
48304c83-e8b5-4f0b-b4be-6b3d22e3663d,Cody,Nolen,cody.nolen@sakilacustomer.org,503 34 AVE,16
a171daf9-c547-4153-911a-e7253f3245e7,Julio,Noland,julio.noland@sakilacustomer.org,503 34 AVE,34
61000d3f-ff11-4c1b-8d35-dfcbc35884a9,Kelly,Knott,kelly.knott@sakilacustomer.org,503 34 AVE,30
afc06411-8355-4cba-82f2-5a7c7c1ffb74,Kurt,Emmons,kurt.emmons@sakilacustomer.org,503 34 AVE,46
297c5ce6-0177-42f0-a79d-e97ee864b67f,Allan,Cornish,allan.cornish@sakilacustomer.org,503 34 AVE,26
2da6fe8e-cb1f-4898-9e74-a17c28904786,Nelson,Christenson,nelson.christenson@sakilacustomer.org,503 34 AVE,46
4d063559-d180-4940-9acf-801408b2e79f,Guy,Brownlee,guy.brownlee@sakilacustomer.org,503 34 AVE,33
ff7b4f29-7967-47df-afce-aeb089721b53,Clayton,Barbee,clayton.barbee@sakilacustomer.org,503 34 AVE,55
8e00fb2d-4f79-45fb-b582-c62f0f15c3df,Hugh,Waldrop,hugh.waldrop@sakilacustomer.org,503 34 AVE,50
41afe7ed-2ccf-4a55-bf8d-e501700d2a5c,Max,Pitt,max.pitt@sakilacustomer.org,503 34 AVE,23
43b86bb0-6e90-40a2-afee-e44d4e192fbe,Dwayne,Olvera,dwayne.olvera@sakilacustomer.org,503 34 AVE,16
b55b6c2d-c3ee-4d1a-811e-0c07b9c13411,Dwight,Lombardi,dwight.lombardi@sakilacustomer.org,503 34 AVE,34
62f65bd6-e97e-49c3-a183-ce6df82663e3,Armando,Gruber,armando.gruber@sakilacustomer.org,503 34 AVE,53
95a4a424-7e34-4e36-bc51-4382f785c53f,Felix,Gaffney,felix.gaffney@sakilacustomer.org,503 34 AVE,39
776f2f06-9f80-4ce2-b1f6-744de0f51441,Jimmie,Eggleston,jimmie.eggleston@sakilacustomer.org,503 34 AVE,44
1dc743ae-8bcc-4432-983f-ce163d4cac60,Everett,Banda,everett.banda@sakilacustomer.org,503 34 AVE,54
5a344fc0-ce92-4ea0-850a-c6888afd5f24,Jordan,Archuleta,jordan.archuleta@sakilacustomer.org,503 34 AVE,41
1a3f0f9a-01ac-4013-97d4-5368f74b6fc9,Ian,Still,ian.still@sakilacustomer.org,503 34 AVE,59
9352ec3c-c134-4b4b-a8a6-bf2579a43d73,Wallace,Slone,wallace.slone@sakilacustomer.org,503 34 AVE,53
4cc4b319-052c-4a14-b966-68a9d5556404,Ken,Prewitt,ken.prewitt@sakilacustomer.org,503 34 AVE,59
49d31a4e-2867-44e9-a1e8-087db04e7e62,Bob,Pfeiffer,bob.pfeiffer@sakilacustomer.org,503 34 AVE,18
6e617b65-182f-41c7-9dab-668ea8f9ba32,Jaime,Nettles,jaime.nettles@sakilacustomer.org,503 34 AVE,48
2737df0e-e1d6-4b15-a6a6-a824b9f93ef2,Casey,Mena,casey.mena@sakilacustomer.org,503 34 AVE,54
cf83539a-4dc2-4ceb-84f2-e1f1683e9352,Alfredo,Mcadams,alfredo.mcadams@sakilacustomer.org,503 34 AVE,25
7b2850c7-23b5-4a08-b73a-f7311aef684f,Alberto,Henning,alberto.henning@sakilacustomer.org,503 34 AVE,36
53e7c72b-bc19-4f72-8df1-fd148aa4000f,Dave,Gardiner,dave.gardiner@sakilacustomer.org,503 34 AVE,49
399331d2-5038-4942-85e3-067c87eac141,Ivan,Cromwell,ivan.cromwell@sakilacustomer.org,503 34 AVE,35
89b105e7-8bb4-4680-a9a2-c5f218d6c542,Johnnie,Chisholm,johnnie.chisholm@sakilacustomer.org,503 34 AVE,64
449ddfa0-5f34-47de-b17b-6277e63a3694,Sidney,Burleson,sidney.burleson@sakilacustomer.org,503 34 AVE,26
53e3b6ba-9285-49cb-b505-5892ad709177,Byron,Box,byron.box@sakilacustomer.org,503 34 AVE,27
555f67ba-f7a3-4781-8691-882477d7792a,Julian,Vest,julian.vest@sakilacustomer.org,503 34 AVE,27
e2f2b79d-82cd-4902-ab0c-a3a0017a2acc,Isaac,Oglesby,isaac.oglesby@sakilacustomer.org,503 34 AVE,64
f91ffe4f-13d0-4a05-b1f5-1a2b137a186f,Morris,Mccarter,morris.mccarter@sakilacustomer.org,503 34 AVE,20
8a09ddc9-21ad-498e-8bd0-49d37541dc99,Clifton,Malcolm,clifton.malcolm@sakilacustomer.org,503 34 AVE,52
56e69d4f-ea9d-4abc-8a58-31e36eb3d4db,Willard,Lumpkin,willard.lumpkin@sakilacustomer.org,503 34 AVE,22
5167ef2b-662a-4cc8-9c93-a5d6ceb45339,Daryl,Larue,daryl.larue@sakilacustomer.org,503 34 AVE,16
209956d5-c811-4e07-8d11-088acdd26903,Ross,Grey,ross.grey@sakilacustomer.org,503 34 AVE,27
fd4f8b17-1cd9-46fb-9c0e-7c3a5fb16ac1,Virgil,Wofford,virgil.wofford@sakilacustomer.org,503 34 AVE,57
794ad45f-ce6e-4e56-914e-7d6571c799ca,Andy,Vanhorn,andy.vanhorn@sakilacustomer.org,503 34 AVE,38
b8237c9f-5750-4e2d-a53b-0be4bd2f9635,Marshall,Thorn,marshall.thorn@sakilacustomer.org,503 34 AVE,34
6b43866b-f216-4df0-a6a7-c32486581983,Salvador,Teel,salvador.teel@sakilacustomer.org,503 34 AVE,45
50b23698-57bd-4618-801e-52a7efccec1c,Perry,Swafford,perry.swafford@sakilacustomer.org,503 34 AVE,59
0afac802-ea3c-4039-adbd-daf563e1dfa5,Kirk,Stclair,kirk.stclair@sakilacustomer.org,503 34 AVE,49
47e79de7-da5c-4106-8aa9-125aa446c778,Sergio,Stanfield,sergio.stanfield@sakilacustomer.org,503 34 AVE,56
9e2f688d-1115-4183-a994-a42fe74e1c21,Marion,Ocampo,marion.ocampo@sakilacustomer.org,503 34 AVE,40
b55269cd-97ea-43e0-8ab6-072766bc558d,Tracy,Herrmann,tracy.herrmann@sakilacustomer.org,503 34 AVE,58
f1a76e2e-2de2-47fc-b908-07e8fc070f0f,Seth,Hannon,seth.hannon@sakilacustomer.org,503 34 AVE,40
fad5ba00-8315-4e63-ae4c-0a1d65a3d3b3,Kent,Arsenault,kent.arsenault@sakilacustomer.org,503 34 AVE,56
a8d724dd-9982-48a4-a2c2-6985ed695b88,Terrance,Roush,terrance.roush@sakilacustomer.org,503 34 AVE,20
6160e01a-b8b4-40ed-ac1a-3aa27090563f,Rene,Mcalister,rene.mcalister@sakilacustomer.org,503 34 AVE,26
b7cc9b73-9617-436c-bd5f-4c12971fb85d,Eduardo,Hiatt,eduardo.hiatt@sakilacustomer.org,503 34 AVE,31
2916d8ae-ec02-4f57-bb53-7759c710a8ca,Terrence,Gunderson,terrence.gunderson@sakilacustomer.org,503 34 AVE,21
e825b568-c518-464d-bceb-bf54a784a271,Enrique,Forsythe,enrique.forsythe@sakilacustomer.org,503 34 AVE,39
42923fe6-62b6-4d82-a9ea-dada0145924a,Freddie,Duggan,freddie.duggan@sakilacustomer.org,503 34 AVE,21
7c2d0928-dc8b-4f02-80f6-595f26b9e40e,Wade,Delvalle,wade.delvalle@sakilacustomer.org,503 34 AVE,26
6a79d22e-512d-4035-937c-280fe4b3fdb0,Austin,Cintron,austin.cintron@sakilacustomer.org,503 34 AVE,54
